{"sr": 8000, "hopSize": 256, "frequencies": [[1318.909647746864, 2287.102834277699, 3249.334762605313, 0.0], [172.13942085657064, 475.9593770052851, 2400.4724132438523, 3234.9868970545426], [206.79027993693887, 2393.250604399602, 2394.4594730821154, 0.0], [203.3460209902705, 366.4949515993588, 2402.120665613812, 3105.3012399336353], [193.29339922300088, 2328.722661180964, 3266.231725252318, 0.0], [259.6366682817339, 1804.9946203702339, 2448.579480041782, 3341.841191041366], [260.3496925131287, 1967.8934427587883, 2531.3370480924154, 3372.287915683702], [253.8135852034417, 1992.7146937057646, 2474.1585133534095, 3342.574390466808], [290.7595511831703, 1894.4051745147415, 2172.336247792592, 3375.185235770971], [330.3325161160432, 1631.0500529306523, 2125.789641306109, 3404.9862485766325], [330.5622926563313, 1421.5574016515677, 2137.6183284354915, 3431.6026237418323], [301.75908899818336, 1342.2460000767016, 2155.6420769413853, 3549.663841785814], [266.9555018387, 1616.5740611530014, 2257.3526388416976, 0.0], [209.28902227418803, 2109.504925484324, 2538.8609092494703, 0.0], [251.56918317393567, 2179.823562858365, 3177.6566986597195, 0.0], [274.3722565183569, 2148.5818220302926, 2604.813020265513, 3499.229867919393], [300.4059837135765, 2114.269239786753, 2121.5494843714887, 3427.4099011527687], [344.55448293142695, 1812.4650895320149, 2115.4180159177913, 3362.666332227712], [350.4258325379948, 1560.177538261468, 1814.1580747420708, 3365.6869411647003], [352.6005439186528, 1668.720955134556, 1964.429804274308, 3328.420856449533], [327.47494807490745, 1662.6949800300356, 2373.116793388903, 3283.3788477611274], [233.77191635883977, 1560.2401072080986, 2372.8151391281917, 3327.469162162954], [206.19989218727346, 1809.281573266806, 2688.1311690264574, 3617.6644412568103], [279.9914684711503, 1869.6631415353077, 2556.6562359819904, 3496.7678587133532], [273.21585113781146, 1997.498341704356, 2861.445916679659, 3476.43505140259], [275.6162303075345, 2028.5172428373774, 2661.289560681031, 3428.1550088585154], [266.4209953656367, 1993.8126899327658, 2411.7690917719274, 3512.9778283305914], [225.8293751361881, 1872.2393741548972, 2445.5677152023013, 3447.8581953436487], [209.4184537730248, 1644.6632390226941, 2373.9335536266326, 3429.8282845700123], [250.71889033518818, 1488.575416776008, 2262.9622979645474, 3445.2286869409204], [239.57720315694422, 1160.6091088213977, 2296.9318707437787, 3419.8828654412546], [223.6437501200687, 908.556149537766, 1786.006309998411, 3385.1562489936728], [208.82617329915183, 845.7895324435513, 1816.3518616762503, 3395.0798024777555], [235.5783847681063, 918.313194686496, 2004.7650245133657, 3445.13805053499], [262.5020059228319, 1466.6763307389012, 2108.549477802241, 3454.719387348427], [259.42921325781504, 2150.911318823472, 2155.825391893824, 3417.327398123033], [262.43166511666084, 2041.1236311349196, 2660.7419521835063, 3406.8614030374574], [282.1794821189438, 1905.9618377315085, 2257.561181402308, 3415.512487959374], [306.0005724842767, 1749.8659448451137, 2035.5285357489695, 3451.538619400346], [305.5076363550912, 1728.0214204643098, 2005.6439094934692, 3455.9057985920394], [287.9786254328823, 1684.4443916077716, 2042.9967984812656, 3399.14611507071], [231.9889621037656, 1661.4839091618305, 2131.931310045724, 3410.0395125115383], [143.6543570347222, 1631.9348735036626, 2686.4294030084634, 3365.8899213242194], [1733.2062336518804, 2633.7754997586576, 3490.2883400147407, 0.0], [1012.730558812394, 1786.0333605136702, 2718.6373973960694, 3405.884529124108], [983.2836446540562, 1892.2145998063133, 2655.940227513361, 3400.4490951697676], [982.3785639082956, 1880.6502587134287, 2598.0774764921753, 3463.9342100367853], [888.8608741072106, 1786.5197877080877, 2700.10004871586, 3480.726866588813], [791.3679253639334, 1579.144710521142, 2694.32216514413, 3570.4344147620445], [677.9896155523759, 1324.8988998591542, 2311.6262177770705, 3310.7887591994445], [617.6990592157647, 1539.9682906991045, 2195.6762800404695, 3077.89318463976], [447.24026218908705, 1774.1213194774427, 2376.6490777420295, 2673.7431450066533], [377.07435441287055, 1824.4567347009238, 2463.2553982473783, 3012.0253284486507], [307.4520138045965, 1802.1493281100272, 2275.1235053722526, 3050.0825752865126], [1618.4312664980127, 2215.7895973162485, 3179.143836393208, 0.0], [1100.0303298957804, 1900.4141483527508, 2489.1456235692035, 3263.1183911973276], [663.2508944787819, 1540.9913163350539, 2424.458473193229, 3402.684661521642], [578.2169394855781, 1042.169293380139, 2352.9316361436595, 3408.8890416177105], [613.262441594657, 1126.7620818528842, 2313.860652936307, 3378.058263741513], [595.4325459979601, 1254.6792495406632, 2097.016249032657, 3319.8714799058025], [449.61442533804194, 1620.3915216502335, 2298.7604786282845, 3323.261041889344], [305.2945682896782, 1692.8735541332712, 2462.318503412801, 3361.7227059158977], [186.76912258393995, 1697.8158084597098, 2593.851962995359, 3351.3733850698895], [480.79370151342886, 1740.6590878036548, 2600.337362284641, 3436.638338301561], [965.0637321262594, 1731.7936673516344, 2663.322872535544, 3466.5682913153996], [802.8068581020057, 1813.0160070868062, 2638.5739176422953, 3444.728782595854], [530.1188772798785, 1337.301039095131, 2473.140913812468, 3219.851440048655], [616.1428051435952, 1310.4527525528506, 2368.8969210876394, 3214.0742628258695], [641.4990761073273, 1216.9475127841852, 2161.72225516616, 3190.3432994563286], [609.2710712189921, 1078.3688234131303, 2121.5754896218714, 3274.311098801553], [528.3507773951465, 996.7275896667646, 2118.629166160174, 3359.519861618656], [423.3891446851936, 871.6434930187968, 2121.5179709858717, 3271.7286721647847], [325.63920794743484, 942.7424678331975, 2292.6375059752063, 3082.984355062934], [270.1319402896423, 1213.3926274181972, 2352.504622042737, 3195.8102687878895], [272.6986801426086, 1207.721991059616, 2421.2556081719217, 2925.2814168098735], [284.71424316757293, 2459.076298717444, 2514.8343150207975, 0.0], [227.69417313822447, 1656.718990115981, 2552.115096605129, 3474.1656724952163], [1021.957257876372, 1841.714703704322, 2711.0533239247343, 3512.3956933527215], [1022.6704557879254, 1832.6067234876673, 2697.1936946660467, 3531.852154229025], [966.2592073888947, 1761.7095222551723, 2666.3186634123836, 3575.6215825705226], [965.43454263252, 1793.3211520243274, 2704.063430591454, 3537.364212959919], [958.0128316094589, 1817.7051616538006, 2709.4305622048673, 3506.960051507872], [772.1628695338642, 1755.604870362941, 2547.336015008821, 3570.3518249942285]],