{"sr": 8000, "hopSize": 128, "frequencies": [[1750.8020242912694, 2570.964857693158, 3206.338597741434, 3999.9999999999995], [1855.018273188509, 2028.832833687975, 2605.897047738538, 3433.8851110599066], [1742.6593548155197, 2249.585879922959, 2609.390091618517, 3359.099043177442], [1754.605526142593, 2248.7966376053455, 2676.4316795592827, 3364.973577408845], [1823.1352702167683, 2601.027398273005, 3210.634047848078, 3999.9999999999995], [1808.0154440984347, 1816.4302876989625, 2577.062649694007, 3440.150165959962], [1883.470062913283, 2601.4991730124248, 3366.026712486377, 0.0], [282.289275082346, 1947.37419561847, 2446.4534185641264, 2997.438702226732], [256.63345203642524, 2006.4285155390444, 2289.7823372547186, 3122.3978618878537], [233.87137457272235, 2058.875359307574, 2302.0368782862065, 3241.665321968089], [192.14387241536062, 1869.7878927804682, 2136.8132822477714, 3198.841813115263], [1627.3903442682802, 2436.3099478676845, 3318.890887806212, 0.0], [1400.1770607605977, 2307.7853222204735, 3231.2845442388943, 0.0], [1407.6854787715063, 2489.28258567914, 3258.671509474839, 0.0], [1476.5737839791498, 2379.6879879078465, 3252.5184823219215, 0.0], [1467.7134072408674, 2280.502271423642, 3134.646246296942, 0.0], [736.8637784365868, 1809.3109739277954, 1884.022252496255, 2963.7821647931214], [552.4695524666186, 1817.6556415019477, 2073.212966008737, 3117.8819517456323], [552.9402827451398, 1736.3094754415065, 2353.219023302741, 3146.5749826805118], [849.6192105128937, 1742.858274941009, 2077.4573205256393, 3148.987010034529], [1292.3763891049698, 1562.4388033722823, 1968.4283912585659, 3134.336998802439], [1064.4947686449327, 1538.4196968967833, 2420.3824148800463, 3343.1040823087797], [1002.6804668390649, 1336.0306885381742, 2505.8542982179065, 3201.3765293441656], [643.895748208991, 1238.960443105452, 2634.636431525831, 3999.9999999999995], [670.9031350893231, 1204.8027899009596, 2577.405235114949, 3390.2781319702967], [713.8292680367384, 1212.5743713238278, 2585.5239620502343, 3351.0884578556315], [707.1527435845044, 1198.8182818243074, 2607.438580654605, 3344.64365167151], [682.1106116271917, 1142.62632490344, 2559.3652415975193, 3349.0310239242385], [601.7545571220153, 1131.7555878891674, 2536.2525671364797, 3335.9470355787153], [533.1203442208094, 1101.1824418884, 2462.6383865714142, 3235.204519546422], [1250.4524088257285, 2315.5108608200117, 3367.9470487897142, 3999.9999999999995], [1428.301640916722, 2561.501219882615, 3301.450573637169, 0.0], [168.95146964103725, 1370.5700217130013, 2570.1847235430264, 3164.1145681535154], [188.06601263133996, 1361.5741141471708, 2382.5046806438804, 3272.1520818698314], [720.9457071575391, 1386.2387570566257, 2531.316409087128, 3531.0804134185278], [915.8819659185953, 1550.3923612090987, 2600.7589472876107, 3539.9975168747746], [801.121891541781, 2103.8042534389365, 2915.856799635323, 3516.0078888285498], [1355.3493797872188, 2432.2633794509293, 3481.837555465188, 3999.9999999999995], [1014.9528246087411, 1557.2163117593975, 2674.1104166055475, 3474.290577957274], [777.6213718671133, 1495.3554018174514, 2543.268866767792, 3536.823651489202], [1434.5692696334365, 2036.5629753838718, 3515.6632904900357, 3999.9999999999995], [451.82939390371274, 1380.1106552618323, 2205.263151939031, 3476.4380774482274], [613.3699170384202, 1354.421749547193, 2215.9840955769214, 3416.63626595452], [1303.698719370863, 2120.1833853445637, 3274.0609732693915, 0.0], [1114.8800122513512, 1946.157342776657, 3208.215388785904, 3999.9999999999995], [1085.2148915356258, 2002.1574544516322, 3125.656589999619, 3999.9999999999995], [182.28473150969612, 903.9756241734406, 2223.369163956992, 3276.9604313798736], [262.40828451251156, 858.3841440339658, 2206.144882288047, 3195.4450603109335], [330.75653573211804, 1044.6751068041, 2159.1144581393028, 3107.36543069829], [377.13958097678795, 1297.6598718490286, 2236.572797493373, 3115.240240325554], [379.63728162514275, 1451.825435137272, 2461.998856870011, 3999.9999999999995], [326.7047243609282, 1443.2515204120364, 2446.443798061654, 3040.008840765715], [1517.4296157814003, 2450.2865187771517, 3221.0730997666433, 0.0], [547.819321171808, 1638.9814017458855, 2512.2812682896956, 3173.607617310392], [779.2893327430846, 1649.6912218961488, 2760.49641566996, 2873.350555103053], [818.7364134057552, 1453.083414396758, 2571.047693038465, 3053.778952817028], [890.2628956766422, 1410.0655036608946, 2672.7602006870165, 3999.9999999999995], [670.2580141325166, 1387.1172897445988, 2669.6739069956284, 3999.9999999999995], [455.5953246465939, 1262.535229875845, 2636.5848639967144, 3126.9468087016185], [511.8094949052026, 1272.4526647638866, 2566.620657562501, 2846.527991683782], [494.66226826732344, 1280.367241071261, 1742.1829707045613, 2899.790955686178], [457.19582870515177, 1296.5958787316758, 1736.8162335240804, 2915.3652380788662], [284.4894208375413, 1081.8967633865168, 2197.6889042238604, 2666.2937559104917], [252.17288671847865, 1000.205021455988, 2402.169043811415, 2654.821351241845], [256.89298430914846, 1023.6998262411724, 2230.5721035233396, 2661.416202055419], [263.01609080537986, 1035.8637210532156, 2123.1880242708385, 2643.7589553441294], [267.58407165041564, 1011.7498346089865, 2234.717071457427, 2662.9804223622073], [274.6812213427084, 1037.004542049639, 2262.4898310034937, 2666.2623430791436], [384.5752881825553, 1225.9001530401576, 2655.975664151824, 3090.492425032591], [555.872485338245, 1260.0095712270868, 2410.968579535463, 2926.3775704767345], [612.929971324658, 1214.2938932670638, 2637.191412844544, 3010.516435180681], [645.5566785900024, 1163.5507461987781, 2852.506087372858, 3067.1726547120343], [651.5979405574202, 1125.6243631863351, 2971.3431403237496, 3071.9643094493904], [659.2249577235476, 1162.0803892932724, 2959.712193458263, 3114.0009674456], [642.7835129890461, 1211.1350365757612, 2810.561049740425, 3165.294909585926], [642.755664415037, 1299.709284399346, 2645.018292298701, 3124.436495518751], [618.3221656947245, 1438.405583788452, 2459.2051017426566, 3052.7007421512585], [549.4661621128679, 1643.8365780099632, 2394.097827732177, 2809.2695196816708], [472.89111299145213, 1810.003749534137, 2356.600582840226, 3110.139089998387], [433.30698085183644, 1904.9776978938598, 1952.3959256838411, 3268.8911657066997], [343.41236018121856, 1950.5270893318893, 2191.982410975493, 3433.440354561672], [285.10960254776097, 1816.7082584956208, 2274.9754331902227, 3359.074488353451], [1662.8478998625758, 2380.2577378869296, 3278.770821989251, 3999.9999999999995], [990.1394312732978, 1645.099281538156, 2465.274954054417, 3361.035472695053], [906.3755322060501, 1666.1018636904662, 2547.7428342877324, 3377.8190746968244], [1614.6710098366027, 2541.7748375056594, 3432.128698438627, 0.0], [1365.9025986464194, 1767.3615496125558, 2666.7097654368968, 3026.3515194247852], [1471.490310985113, 2178.0706531603737, 3206.6031075362002, 3999.9999999999995], [1098.0190961293365, 1810.6795089722934, 2507.5686816510515, 3155.083483000439], [1112.438817583861, 1746.734189596644, 2773.4975209668632, 3289.6800622605942], [1237.1142465541786, 1944.8091919266903, 2985.153507888777, 3999.9999999999995], [1147.8015800123917, 1666.6884084047092, 2623.6575722398998, 3433.103260264637], [1156.4111093775048, 1577.1431872067417, 2691.144338492688, 3257.1548602577177], [834.5444489309035, 1591.2977034280013, 2439.692056439171, 3236.9542791683066], [820.7846821061622, 1364.2783703127975, 2554.3881461741094, 3475.603744312145]],